about,about/news/how-drupal-helps-bake-accessibility-into-every-project
about,about/news/scale-inclusive-content-automated-testing-open-source-tools
about,about/news/whitehouse-gov-beginning-accessibility-journey
about,about/news/will-biden-transform-government-website-accessibility
about,about/open-work-culture
about,about/services
about,about/who-we-are
about,about/who-we-are
about,about/who-we-are
about,about/who-we-are
about,about/who-we-are
about,about/who-we-are
about,about/who-we-are
about,about/who-we-are
about,about/who-we-are
about,about/who-we-are
about,about/who-we-are
about,about/who-we-are
about,about/who-we-are
champions,champions/accessibility-focused-organizations
champions,champions/accessibility-resources
champions,champions/build-community
champions,champions/champions-program
champions,champions/designer-role
champions,champions/designer-role
champions,champions/designer-role
champions,champions/developer-role
champions,champions/executive-role
champions,champions/holistic-enterprise-accessibility-review-technique
champions,champions/identity-language
champions,champions/join-community
champions,champions/onboarding-staff
champions,champions/operations-role
champions,champions/procurement-role
champions,champions/product-manager-role
champions,champions/project-manager-role
champions,champions/role-based-evaluations
champions,champions/training-certifications
guides,guides
guides,guides
guides,guides
guides,guides
guides,guides
guides,guides/design/design-systems
guides,guides/design/documents
guides,guides/design/documents
guides,guides/design/pdf
guides,guides/design/plain-language
guides,guides/design/social-media
guides,guides/development/authoring
guides,guides/development/automated-testing
guides,guides/development/defect-priority
guides,guides/development/manual-testing
guides,guides/development/personalization
guides,guides/development/screen-reader
guides,guides/development/semantic-html
guides,guides/reporting/acr
guides,guides/reporting/acr
guides,guides/reporting/acr-report
guides,guides/reporting/acr-report
guides,guides/strategy/ai-and-ia
guides,guides/strategy/checklists
guides,guides/strategy/distributed-teams
guides,guides/strategy/follow-global-initiatives
guides,guides/strategy/glossary
guides,guides/strategy/history
guides,guides/strategy/pwd
guides,guides/strategy/recommended-tools
guides,guides/strategy/training
guides,guides/strategy/website-statements
site,site/accessibility-statement
site,site/colophon
site,site/license
